{
	"credit": "Made with Blockbench",
	"textures": {
		"0": "ckenja/potato/potato",
		"particle": "ckenja/potato/potato"
	},
	"elements": [
		{
			"from": [12, 4, 12],
			"to": [13, 8, 13],
			"rotation": {"angle": 0, "axis": "y", "origin": [14, 17, 20]},
			"faces": {
				"north": {"uv": [12, 5, 13, 9], "texture": "#0"},
				"east": {"uv": [12, 5, 13, 9], "texture": "#0"},
				"south": {"uv": [12, 5, 13, 9], "texture": "#0"},
				"west": {"uv": [12, 5, 13, 9], "texture": "#0"},
				"up": {"uv": [12, 5, 13, 6], "texture": "#0"},
				"down": {"uv": [12, 8, 13, 9], "texture": "#0"}
			}
		},
		{
			"from": [8, 3, 12],
			"to": [12, 9, 13],
			"rotation": {"angle": 0, "axis": "y", "origin": [10, 16, 20]},
			"faces": {
				"north": {"uv": [8, 4, 12, 10], "texture": "#0"},
				"east": {"uv": [11, 4, 12, 10], "texture": "#0"},
				"south": {"uv": [8, 4, 12, 10], "texture": "#0"},
				"west": {"uv": [8, 4, 9, 10], "texture": "#0"},
				"up": {"uv": [8, 4, 12, 5], "texture": "#0"},
				"down": {"uv": [8, 9, 12, 10], "texture": "#0"}
			}
		},
		{
			"from": [9, 8, 13],
			"to": [10, 9, 14],
			"rotation": {"angle": 0, "axis": "y", "origin": [11, 16, 21]},
			"faces": {
				"north": {"uv": [9, 5, 10, 6], "texture": "#0"},
				"east": {"uv": [9, 5, 10, 6], "texture": "#0"},
				"south": {"uv": [9, 5, 10, 6], "texture": "#0"},
				"west": {"uv": [9, 5, 10, 6], "texture": "#0"},
				"up": {"uv": [9, 5, 10, 6], "texture": "#0"},
				"down": {"uv": [9, 5, 10, 6], "texture": "#0"}
			}
		},
		{
			"from": [7, 7, 13],
			"to": [12, 8, 14],
			"rotation": {"angle": 0, "axis": "y", "origin": [13, 15, 21]},
			"faces": {
				"north": {"uv": [7, 5, 12, 6], "texture": "#0"},
				"east": {"uv": [11, 5, 12, 6], "texture": "#0"},
				"south": {"uv": [7, 5, 12, 6], "texture": "#0"},
				"west": {"uv": [7, 5, 8, 6], "texture": "#0"},
				"up": {"uv": [7, 5, 12, 6], "texture": "#0"},
				"down": {"uv": [7, 5, 12, 6], "texture": "#0"}
			}
		},
		{
			"from": [5, 7, 12],
			"to": [8, 8, 13],
			"rotation": {"angle": 0, "axis": "y", "origin": [9, 15, 20]},
			"faces": {
				"north": {"uv": [5, 6, 8, 7], "texture": "#0"},
				"east": {"uv": [7, 6, 8, 7], "texture": "#0"},
				"south": {"uv": [5, 6, 8, 7], "texture": "#0"},
				"west": {"uv": [5, 6, 6, 7], "texture": "#0"},
				"up": {"uv": [5, 6, 8, 7], "texture": "#0"},
				"down": {"uv": [5, 6, 8, 7], "texture": "#0"}
			}
		},
		{
			"from": [4, 5, 13],
			"to": [11, 7, 14],
			"rotation": {"angle": 0, "axis": "y", "origin": [12, 13, 21]},
			"faces": {
				"north": {"uv": [4, 6, 11, 8], "texture": "#0"},
				"east": {"uv": [10, 6, 11, 8], "texture": "#0"},
				"south": {"uv": [4, 6, 11, 8], "texture": "#0"},
				"west": {"uv": [4, 7, 5, 9], "texture": "#0"},
				"up": {"uv": [4, 6, 11, 7], "texture": "#0"},
				"down": {"uv": [4, 7, 11, 8], "texture": "#0"}
			}
		},
		{
			"from": [5, 5, 14],
			"to": [8, 7, 15],
			"rotation": {"angle": 0, "axis": "y", "origin": [13, 14, 22]},
			"faces": {
				"north": {"uv": [5, 6, 8, 8], "texture": "#0"},
				"east": {"uv": [7, 6, 8, 8], "texture": "#0"},
				"south": {"uv": [5, 6, 8, 8], "texture": "#0"},
				"west": {"uv": [5, 6, 6, 8], "texture": "#0"},
				"up": {"uv": [5, 6, 8, 7], "texture": "#0"},
				"down": {"uv": [5, 7, 8, 8], "texture": "#0"}
			}
		},
		{
			"from": [5, 4, 14],
			"to": [7, 6, 15],
			"rotation": {"angle": 0, "axis": "y", "origin": [12, 13, 22]},
			"faces": {
				"north": {"uv": [4, 7, 7, 9], "texture": "#0"},
				"east": {"uv": [6, 7, 7, 9], "texture": "#0"},
				"south": {"uv": [5, 7, 7, 9], "texture": "#0"},
				"west": {"uv": [5, 7, 6, 9], "texture": "#0"},
				"up": {"uv": [5, 7, 7, 8], "texture": "#0"},
				"down": {"uv": [5, 8, 7, 9], "texture": "#0"}
			}
		},
		{
			"from": [3, 2, 12],
			"to": [10, 6, 13],
			"rotation": {"angle": 0, "axis": "y", "origin": [9, 12, 20]},
			"faces": {
				"north": {"uv": [3, 7, 10, 11], "texture": "#0"},
				"east": {"uv": [9, 7, 10, 11], "texture": "#0"},
				"south": {"uv": [3, 7, 10, 11], "texture": "#0"},
				"west": {"uv": [3, 7, 4, 11], "texture": "#0"},
				"up": {"uv": [3, 7, 10, 8], "texture": "#0"},
				"down": {"uv": [3, 10, 10, 11], "texture": "#0"}
			}
		},
		{
			"from": [3, 4, 13],
			"to": [10, 5, 14],
			"rotation": {"angle": 0, "axis": "y", "origin": [11, 12, 21]},
			"faces": {
				"north": {"uv": [3, 8, 10, 9], "texture": "#0"},
				"east": {"uv": [9, 8, 10, 9], "texture": "#0"},
				"south": {"uv": [3, 8, 10, 9], "texture": "#0"},
				"west": {"uv": [3, 8, 4, 9], "texture": "#0"},
				"up": {"uv": [3, 8, 10, 9], "texture": "#0"},
				"down": {"uv": [3, 8, 10, 9], "texture": "#0"}
			}
		},
		{
			"from": [5, 3, 13],
			"to": [8, 4, 14],
			"rotation": {"angle": 0, "axis": "y", "origin": [11, 11, 21]},
			"faces": {
				"north": {"uv": [5, 9, 8, 10], "texture": "#0"},
				"east": {"uv": [7, 9, 8, 10], "texture": "#0"},
				"south": {"uv": [5, 9, 8, 10], "texture": "#0"},
				"west": {"uv": [5, 9, 6, 10], "texture": "#0"},
				"up": {"uv": [5, 9, 8, 10], "texture": "#0"},
				"down": {"uv": [5, 9, 8, 10], "texture": "#0"}
			}
		},
		{
			"from": [6, 2, 13],
			"to": [7, 3, 14],
			"rotation": {"angle": 0, "axis": "y", "origin": [8, 10, 21]},
			"faces": {
				"north": {"uv": [6, 10, 7, 11], "texture": "#0"},
				"east": {"uv": [6, 10, 7, 11], "texture": "#0"},
				"south": {"uv": [6, 10, 7, 11], "texture": "#0"},
				"west": {"uv": [6, 10, 7, 11], "texture": "#0"},
				"up": {"uv": [6, 10, 7, 11], "texture": "#0"},
				"down": {"uv": [6, 10, 7, 11], "texture": "#0"}
			}
		},
		{
			"from": [4, 1, 12],
			"to": [8, 7, 13],
			"rotation": {"angle": 0, "axis": "y", "origin": [9, 11, 20]},
			"faces": {
				"north": {"uv": [4, 6, 8, 12], "texture": "#0"},
				"east": {"uv": [7, 6, 8, 12], "texture": "#0"},
				"south": {"uv": [4, 6, 8, 12], "texture": "#0"},
				"west": {"uv": [4, 6, 5, 12], "texture": "#0"},
				"up": {"uv": [4, 6, 8, 7], "texture": "#0"},
				"down": {"uv": [4, 11, 8, 12], "texture": "#0"}
			}
		},
		{
			"from": [4, 0, 11],
			"to": [8, 1, 12],
			"rotation": {"angle": 0, "axis": "y", "origin": [6, 8, 4]},
			"faces": {
				"north": {"uv": [4, 12, 8, 13], "texture": "#0"},
				"east": {"uv": [4, 12, 8, 13], "texture": "#0"},
				"south": {"uv": [4, 12, 8, 13], "texture": "#0"},
				"west": {"uv": [4, 12, 8, 13], "texture": "#0"},
				"up": {"uv": [4, 12, 8, 13], "texture": "#0"},
				"down": {"uv": [4, 12, 8, 13], "texture": "#0"}
			}
		},
		{
			"from": [3, 1, 11],
			"to": [4, 2, 12],
			"rotation": {"angle": 0, "axis": "y", "origin": [6, 8, 4]},
			"faces": {
				"north": {"uv": [11, 4, 12, 5], "texture": "#0"},
				"east": {"uv": [11, 4, 12, 5], "texture": "#0"},
				"south": {"uv": [11, 4, 12, 5], "texture": "#0"},
				"west": {"uv": [11, 4, 12, 5], "texture": "#0"},
				"up": {"uv": [11, 4, 12, 5], "texture": "#0"},
				"down": {"uv": [11, 4, 12, 5], "texture": "#0"}
			}
		},
		{
			"from": [3, 6, 11],
			"to": [4, 7, 12],
			"rotation": {"angle": 0, "axis": "y", "origin": [6, 8, 4]},
			"faces": {
				"north": {"uv": [3, 7, 4, 8], "texture": "#0"},
				"east": {"uv": [3, 7, 4, 8], "texture": "#0"},
				"south": {"uv": [3, 7, 4, 8], "texture": "#0"},
				"west": {"uv": [3, 7, 4, 8], "texture": "#0"},
				"up": {"uv": [3, 7, 4, 8], "texture": "#0"},
				"down": {"uv": [3, 7, 4, 8], "texture": "#0"}
			}
		},
		{
			"from": [4, 7, 11],
			"to": [5, 8, 12],
			"rotation": {"angle": 0, "axis": "y", "origin": [6, 8, 4]},
			"faces": {
				"north": {"uv": [4, 6, 5, 7], "texture": "#0"},
				"east": {"uv": [4, 6, 5, 7], "texture": "#0"},
				"south": {"uv": [4, 6, 5, 7], "texture": "#0"},
				"west": {"uv": [4, 6, 5, 7], "texture": "#0"},
				"up": {"uv": [4, 6, 5, 7], "texture": "#0"},
				"down": {"uv": [4, 6, 5, 7], "texture": "#0"}
			}
		},
		{
			"from": [12, 8, 11],
			"to": [13, 9, 12],
			"rotation": {"angle": 0, "axis": "y", "origin": [8, 8, 4]},
			"faces": {
				"north": {"uv": [12, 5, 13, 6], "texture": "#0"},
				"east": {"uv": [12, 5, 13, 6], "texture": "#0"},
				"south": {"uv": [12, 5, 13, 6], "texture": "#0"},
				"west": {"uv": [12, 5, 13, 6], "texture": "#0"},
				"up": {"uv": [12, 5, 13, 6], "texture": "#0"},
				"down": {"uv": [12, 5, 13, 6], "texture": "#0"}
			}
		},
		{
			"from": [12, 3, 11],
			"to": [13, 4, 12],
			"rotation": {"angle": 0, "axis": "y", "origin": [8, 8, 4]},
			"faces": {
				"north": {"uv": [12, 8, 13, 9], "texture": "#0"},
				"east": {"uv": [12, 8, 13, 9], "texture": "#0"},
				"south": {"uv": [12, 8, 13, 9], "texture": "#0"},
				"west": {"uv": [12, 8, 13, 9], "texture": "#0"},
				"up": {"uv": [12, 8, 13, 9], "texture": "#0"},
				"down": {"uv": [12, 8, 13, 9], "texture": "#0"}
			}
		},
		{
			"from": [10, 2, 11],
			"to": [12, 3, 12],
			"rotation": {"angle": 0, "axis": "y", "origin": [7, 8, 4]},
			"faces": {
				"north": {"uv": [10, 10, 12, 11], "texture": "#0"},
				"east": {"uv": [10, 9, 12, 10], "texture": "#0"},
				"south": {"uv": [10, 9, 12, 10], "texture": "#0"},
				"west": {"uv": [10, 9, 12, 10], "texture": "#0"},
				"up": {"uv": [10, 9, 12, 10], "texture": "#0"},
				"down": {"uv": [10, 9, 12, 10], "texture": "#0"}
			}
		},
		{
			"from": [8, 1, 11],
			"to": [10, 2, 12],
			"rotation": {"angle": 0, "axis": "y", "origin": [6, 8, 4]},
			"faces": {
				"north": {"uv": [8, 11, 10, 12], "texture": "#0"},
				"east": {"uv": [8, 10, 10, 11], "texture": "#0"},
				"south": {"uv": [8, 10, 10, 11], "texture": "#0"},
				"west": {"uv": [8, 10, 10, 11], "texture": "#0"},
				"up": {"uv": [8, 10, 10, 11], "texture": "#0"},
				"down": {"uv": [8, 10, 10, 11], "texture": "#0"}
			}
		},
		{
			"from": [5, 8, 11],
			"to": [8, 9, 12],
			"rotation": {"angle": 0, "axis": "y", "origin": [6, 8, 4]},
			"faces": {
				"north": {"uv": [5, 5, 8, 6], "texture": "#0"},
				"east": {"uv": [7, 5, 8, 6], "texture": "#0"},
				"south": {"uv": [5, 5, 8, 6], "texture": "#0"},
				"west": {"uv": [5, 5, 6, 6], "texture": "#0"},
				"up": {"uv": [5, 5, 8, 6], "texture": "#0"},
				"down": {"uv": [5, 5, 8, 6], "texture": "#0"}
			}
		},
		{
			"from": [8, 9, 11],
			"to": [12, 10, 12],
			"rotation": {"angle": 0, "axis": "y", "origin": [7, 8, 4]},
			"faces": {
				"north": {"uv": [8, 3, 12, 4], "texture": "#0"},
				"east": {"uv": [11, 3, 12, 4], "texture": "#0"},
				"south": {"uv": [8, 3, 12, 4], "texture": "#0"},
				"west": {"uv": [8, 3, 9, 4], "texture": "#0"},
				"up": {"uv": [8, 3, 12, 4], "texture": "#0"},
				"down": {"uv": [8, 3, 12, 4], "texture": "#0"}
			}
		},
		{
			"from": [2, 2, 11],
			"to": [3, 6, 12],
			"rotation": {"angle": 0, "axis": "y", "origin": [6, 7, 4]},
			"faces": {
				"north": {"uv": [12, 5, 13, 9], "texture": "#0"},
				"east": {"uv": [12, 5, 13, 9], "texture": "#0"},
				"south": {"uv": [12, 5, 13, 9], "texture": "#0"},
				"west": {"uv": [12, 5, 13, 9], "texture": "#0"},
				"up": {"uv": [12, 5, 13, 6], "texture": "#0"},
				"down": {"uv": [12, 8, 13, 9], "texture": "#0"}
			}
		},
		{
			"from": [13, 4, 11],
			"to": [14, 8, 12],
			"rotation": {"angle": 0, "axis": "y", "origin": [9, 8, 4]},
			"faces": {
				"north": {"uv": [13, 5, 14, 9], "texture": "#0"},
				"east": {"uv": [12, 5, 13, 9], "texture": "#0"},
				"south": {"uv": [12, 5, 13, 9], "texture": "#0"},
				"west": {"uv": [12, 5, 13, 9], "texture": "#0"},
				"up": {"uv": [12, 5, 13, 6], "texture": "#0"},
				"down": {"uv": [12, 8, 13, 9], "texture": "#0"}
			}
		},
		{
			"from": [3, 0, 10],
			"to": [10, 1, 11],
			"rotation": {"angle": 0, "axis": "y", "origin": [16, 8, 0]},
			"faces": {
				"north": {"uv": [4, 12, 8, 13], "rotation": 90, "texture": "#0"},
				"east": {"uv": [4, 12, 8, 13], "rotation": 90, "texture": "#0"},
				"south": {"uv": [4, 12, 8, 13], "rotation": 90, "texture": "#0"},
				"west": {"uv": [4, 12, 8, 13], "rotation": 90, "texture": "#0"},
				"up": {"uv": [4, 12, 8, 13], "rotation": 90, "texture": "#0"},
				"down": {"uv": [4, 12, 8, 13], "rotation": 90, "texture": "#0"}
			}
		},
		{
			"from": [13, 8, 10],
			"to": [14, 9, 11],
			"rotation": {"angle": 0, "axis": "y", "origin": [21, 8, -5]},
			"faces": {
				"north": {"uv": [13, 5, 14, 6], "texture": "#0"},
				"east": {"uv": [13, 5, 14, 6], "texture": "#0"},
				"south": {"uv": [13, 5, 14, 6], "texture": "#0"},
				"west": {"uv": [13, 5, 14, 6], "texture": "#0"},
				"up": {"uv": [13, 5, 14, 6], "texture": "#0"},
				"down": {"uv": [13, 5, 14, 6], "texture": "#0"}
			}
		},
		{
			"from": [13, 3, 10],
			"to": [14, 4, 11],
			"rotation": {"angle": 0, "axis": "y", "origin": [21, 8, -5]},
			"faces": {
				"north": {"uv": [12, 9, 13, 10], "texture": "#0"},
				"east": {"uv": [12, 9, 13, 10], "texture": "#0"},
				"south": {"uv": [12, 9, 13, 10], "texture": "#0"},
				"west": {"uv": [12, 9, 13, 10], "texture": "#0"},
				"up": {"uv": [12, 9, 13, 10], "texture": "#0"},
				"down": {"uv": [12, 9, 13, 10], "texture": "#0"}
			}
		},
		{
			"from": [12, 2, 10],
			"to": [13, 3, 11],
			"rotation": {"angle": 0, "axis": "y", "origin": [20, 7, -5]},
			"faces": {
				"north": {"uv": [10, 10, 11, 11], "texture": "#0"},
				"east": {"uv": [10, 10, 11, 11], "texture": "#0"},
				"south": {"uv": [10, 10, 11, 11], "texture": "#0"},
				"west": {"uv": [10, 10, 11, 11], "texture": "#0"},
				"up": {"uv": [10, 10, 11, 11], "texture": "#0"},
				"down": {"uv": [10, 10, 11, 11], "texture": "#0"}
			}
		},
		{
			"from": [10, 1, 10],
			"to": [12, 2, 11],
			"rotation": {"angle": 0, "axis": "y", "origin": [19, 8, -2]},
			"faces": {
				"north": {"uv": [8, 11, 10, 12], "texture": "#0"},
				"east": {"uv": [8, 11, 10, 12], "texture": "#0"},
				"south": {"uv": [8, 11, 10, 12], "texture": "#0"},
				"west": {"uv": [8, 11, 10, 12], "texture": "#0"},
				"up": {"uv": [8, 11, 10, 12], "texture": "#0"},
				"down": {"uv": [8, 11, 10, 12], "texture": "#0"}
			}
		},
		{
			"from": [12, 9, 10],
			"to": [13, 10, 11],
			"rotation": {"angle": 0, "axis": "y", "origin": [20, 8, -4]},
			"faces": {
				"north": {"uv": [12, 4, 13, 5], "texture": "#0"},
				"east": {"uv": [12, 4, 13, 5], "texture": "#0"},
				"south": {"uv": [12, 4, 13, 5], "texture": "#0"},
				"west": {"uv": [12, 4, 13, 5], "texture": "#0"},
				"up": {"uv": [12, 4, 13, 5], "texture": "#0"},
				"down": {"uv": [12, 4, 13, 5], "texture": "#0"}
			}
		},
		{
			"from": [2, 1, 10],
			"to": [3, 2, 11],
			"rotation": {"angle": 0, "axis": "y", "origin": [-5, 8, 8]},
			"faces": {
				"north": {"uv": [3, 11, 4, 12], "texture": "#0"},
				"east": {"uv": [3, 11, 4, 12], "texture": "#0"},
				"south": {"uv": [3, 11, 4, 12], "texture": "#0"},
				"west": {"uv": [3, 11, 4, 12], "texture": "#0"},
				"up": {"uv": [3, 11, 4, 12], "texture": "#0"},
				"down": {"uv": [3, 11, 4, 12], "texture": "#0"}
			}
		},
		{
			"from": [2, 6, 10],
			"to": [3, 7, 11],
			"rotation": {"angle": 0, "axis": "y", "origin": [-5, 8, 8]},
			"faces": {
				"north": {"uv": [3, 6, 4, 7], "texture": "#0"},
				"east": {"uv": [3, 6, 4, 7], "texture": "#0"},
				"south": {"uv": [3, 6, 4, 7], "texture": "#0"},
				"west": {"uv": [3, 6, 4, 7], "texture": "#0"},
				"up": {"uv": [3, 6, 4, 7], "texture": "#0"},
				"down": {"uv": [3, 6, 4, 7], "texture": "#0"}
			}
		},
		{
			"from": [3, 7, 10],
			"to": [4, 8, 11],
			"rotation": {"angle": 0, "axis": "y", "origin": [-4, 8, 9]},
			"faces": {
				"north": {"uv": [4, 5, 5, 6], "texture": "#0"},
				"east": {"uv": [4, 5, 5, 6], "texture": "#0"},
				"south": {"uv": [4, 5, 5, 6], "texture": "#0"},
				"west": {"uv": [4, 5, 5, 6], "texture": "#0"},
				"up": {"uv": [4, 5, 5, 6], "texture": "#0"},
				"down": {"uv": [4, 5, 5, 6], "texture": "#0"}
			}
		},
		{
			"from": [4, 8, 10],
			"to": [7, 9, 11],
			"rotation": {"angle": 0, "axis": "y", "origin": [-3, 8, 10]},
			"faces": {
				"north": {"uv": [5, 4, 8, 5], "texture": "#0"},
				"east": {"uv": [5, 4, 8, 5], "texture": "#0"},
				"south": {"uv": [5, 4, 8, 5], "texture": "#0"},
				"west": {"uv": [5, 4, 8, 5], "texture": "#0"},
				"up": {"uv": [5, 4, 8, 5], "texture": "#0"},
				"down": {"uv": [5, 4, 8, 5], "texture": "#0"}
			}
		},
		{
			"from": [7, 9, 10],
			"to": [12, 10, 11],
			"rotation": {"angle": 0, "axis": "y", "origin": [1, 8, 13]},
			"faces": {
				"north": {"uv": [8, 3, 12, 4], "texture": "#0"},
				"east": {"uv": [8, 3, 12, 4], "texture": "#0"},
				"south": {"uv": [8, 3, 12, 4], "texture": "#0"},
				"west": {"uv": [8, 3, 12, 4], "texture": "#0"},
				"up": {"uv": [8, 3, 12, 4], "texture": "#0"},
				"down": {"uv": [8, 3, 12, 4], "texture": "#0"}
			}
		},
		{
			"from": [1, 2, 10],
			"to": [2, 6, 11],
			"rotation": {"angle": 0, "axis": "y", "origin": [-6, 7, 7]},
			"faces": {
				"north": {"uv": [2, 7, 3, 11], "texture": "#0"},
				"east": {"uv": [2, 7, 3, 11], "texture": "#0"},
				"south": {"uv": [2, 7, 3, 11], "texture": "#0"},
				"west": {"uv": [2, 7, 3, 11], "texture": "#0"},
				"up": {"uv": [2, 7, 3, 8], "texture": "#0"},
				"down": {"uv": [2, 10, 3, 11], "texture": "#0"}
			}
		},
		{
			"from": [14, 4, 10],
			"to": [15, 8, 11],
			"rotation": {"angle": 0, "axis": "y", "origin": [22, 8, -6]},
			"faces": {
				"north": {"uv": [13, 5, 14, 9], "texture": "#0"},
				"east": {"uv": [13, 5, 14, 9], "texture": "#0"},
				"south": {"uv": [13, 5, 14, 9], "texture": "#0"},
				"west": {"uv": [13, 5, 14, 9], "texture": "#0"},
				"up": {"uv": [13, 5, 14, 6], "texture": "#0"},
				"down": {"uv": [13, 8, 14, 9], "texture": "#0"}
			}
		},
		{
			"from": [8.08333, 9, 9],
			"to": [12.08333, 10, 10],
			"rotation": {"angle": 0, "axis": "z", "origin": [10.08333, 2, 17]},
			"faces": {
				"north": {"uv": [8, 12, 4, 13], "rotation": 180, "texture": "#0"},
				"east": {"uv": [8, 12, 4, 13], "rotation": 180, "texture": "#0"},
				"south": {"uv": [8, 12, 4, 13], "rotation": 180, "texture": "#0"},
				"west": {"uv": [8, 12, 4, 13], "rotation": 180, "texture": "#0"},
				"up": {"uv": [4, 13, 8, 12], "rotation": 180, "texture": "#0"},
				"down": {"uv": [4, 13, 8, 12], "rotation": 180, "texture": "#0"}
			}
		},
		{
			"from": [12.08333, 8, 9],
			"to": [13.08333, 9, 10],
			"rotation": {"angle": 0, "axis": "z", "origin": [10.08333, 2, 17]},
			"faces": {
				"north": {"uv": [12, 4, 11, 5], "rotation": 180, "texture": "#0"},
				"east": {"uv": [12, 4, 11, 5], "rotation": 180, "texture": "#0"},
				"south": {"uv": [12, 4, 11, 5], "rotation": 180, "texture": "#0"},
				"west": {"uv": [12, 4, 11, 5], "rotation": 180, "texture": "#0"},
				"up": {"uv": [11, 5, 12, 4], "rotation": 180, "texture": "#0"},
				"down": {"uv": [11, 5, 12, 4], "rotation": 180, "texture": "#0"}
			}
		},
		{
			"from": [12.08333, 3, 9],
			"to": [13.08333, 4, 10],
			"rotation": {"angle": 0, "axis": "z", "origin": [10.08333, 2, 17]},
			"faces": {
				"north": {"uv": [4, 7, 3, 8], "rotation": 180, "texture": "#0"},
				"east": {"uv": [4, 7, 3, 8], "rotation": 180, "texture": "#0"},
				"south": {"uv": [4, 7, 3, 8], "rotation": 180, "texture": "#0"},
				"west": {"uv": [4, 7, 3, 8], "rotation": 180, "texture": "#0"},
				"up": {"uv": [3, 8, 4, 7], "rotation": 180, "texture": "#0"},
				"down": {"uv": [3, 8, 4, 7], "rotation": 180, "texture": "#0"}
			}
		},
		{
			"from": [11.08333, 2, 9],
			"to": [12.08333, 3, 10],
			"rotation": {"angle": 0, "axis": "z", "origin": [10.08333, 2, 17]},
			"faces": {
				"north": {"uv": [5, 6, 4, 7], "rotation": 180, "texture": "#0"},
				"east": {"uv": [5, 6, 4, 7], "rotation": 180, "texture": "#0"},
				"south": {"uv": [5, 6, 4, 7], "rotation": 180, "texture": "#0"},
				"west": {"uv": [5, 6, 4, 7], "rotation": 180, "texture": "#0"},
				"up": {"uv": [4, 7, 5, 6], "rotation": 180, "texture": "#0"},
				"down": {"uv": [4, 7, 5, 6], "rotation": 180, "texture": "#0"}
			}
		},
		{
			"from": [3.08333, 1, 9],
			"to": [4.08333, 2, 10],
			"rotation": {"angle": 0, "axis": "z", "origin": [10.08333, 2, 17]},
			"faces": {
				"north": {"uv": [13, 5, 12, 6], "rotation": 180, "texture": "#0"},
				"east": {"uv": [13, 5, 12, 6], "rotation": 180, "texture": "#0"},
				"south": {"uv": [13, 5, 12, 6], "rotation": 180, "texture": "#0"},
				"west": {"uv": [13, 5, 12, 6], "rotation": 180, "texture": "#0"},
				"up": {"uv": [12, 6, 13, 5], "rotation": 180, "texture": "#0"},
				"down": {"uv": [12, 6, 13, 5], "rotation": 180, "texture": "#0"}
			}
		},
		{
			"from": [3.08333, 6, 9],
			"to": [4.08333, 7, 10],
			"rotation": {"angle": 0, "axis": "z", "origin": [10.08333, 2, 17]},
			"faces": {
				"north": {"uv": [13, 8, 12, 9], "rotation": 180, "texture": "#0"},
				"east": {"uv": [13, 8, 12, 9], "rotation": 180, "texture": "#0"},
				"south": {"uv": [13, 8, 12, 9], "rotation": 180, "texture": "#0"},
				"west": {"uv": [13, 8, 12, 9], "rotation": 180, "texture": "#0"},
				"up": {"uv": [12, 9, 13, 8], "rotation": 180, "texture": "#0"},
				"down": {"uv": [12, 9, 13, 8], "rotation": 180, "texture": "#0"}
			}
		},
		{
			"from": [4.08333, 7, 9],
			"to": [6.08333, 8, 10],
			"rotation": {"angle": 0, "axis": "z", "origin": [10.08333, 2, 17]},
			"faces": {
				"north": {"uv": [12, 9, 10, 10], "rotation": 180, "texture": "#0"},
				"east": {"uv": [12, 9, 10, 10], "rotation": 180, "texture": "#0"},
				"south": {"uv": [12, 10, 10, 11], "rotation": 180, "texture": "#0"},
				"west": {"uv": [12, 9, 10, 10], "rotation": 180, "texture": "#0"},
				"up": {"uv": [10, 10, 12, 9], "rotation": 180, "texture": "#0"},
				"down": {"uv": [10, 10, 12, 9], "rotation": 180, "texture": "#0"}
			}
		},
		{
			"from": [6.08333, 8, 9],
			"to": [8.08333, 9, 10],
			"rotation": {"angle": 0, "axis": "z", "origin": [10.08333, 2, 17]},
			"faces": {
				"north": {"uv": [10, 10, 8, 11], "rotation": 180, "texture": "#0"},
				"east": {"uv": [10, 10, 8, 11], "rotation": 180, "texture": "#0"},
				"south": {"uv": [10, 11, 8, 12], "rotation": 180, "texture": "#0"},
				"west": {"uv": [10, 10, 8, 11], "rotation": 180, "texture": "#0"},
				"up": {"uv": [8, 11, 10, 10], "rotation": 180, "texture": "#0"},
				"down": {"uv": [8, 11, 10, 10], "rotation": 180, "texture": "#0"}
			}
		},
		{
			"from": [8.08333, 1, 9],
			"to": [11.08333, 2, 10],
			"rotation": {"angle": 0, "axis": "z", "origin": [10.08333, 2, 17]},
			"faces": {
				"north": {"uv": [8, 5, 5, 6], "rotation": 180, "texture": "#0"},
				"east": {"uv": [6, 5, 5, 6], "rotation": 180, "texture": "#0"},
				"south": {"uv": [8, 5, 5, 6], "rotation": 180, "texture": "#0"},
				"west": {"uv": [8, 5, 7, 6], "rotation": 180, "texture": "#0"},
				"up": {"uv": [5, 6, 8, 5], "rotation": 180, "texture": "#0"},
				"down": {"uv": [5, 6, 8, 5], "rotation": 180, "texture": "#0"}
			}
		},
		{
			"from": [4.08333, 0, 9],
			"to": [8.08333, 1, 10],
			"rotation": {"angle": 0, "axis": "z", "origin": [10.08333, 2, 17]},
			"faces": {
				"north": {"uv": [12, 3, 8, 4], "rotation": 180, "texture": "#0"},
				"east": {"uv": [9, 3, 8, 4], "rotation": 180, "texture": "#0"},
				"south": {"uv": [12, 3, 8, 4], "rotation": 180, "texture": "#0"},
				"west": {"uv": [12, 3, 11, 4], "rotation": 180, "texture": "#0"},
				"up": {"uv": [8, 4, 12, 3], "rotation": 180, "texture": "#0"},
				"down": {"uv": [8, 4, 12, 3], "rotation": 180, "texture": "#0"}
			}
		},
		{
			"from": [13.08333, 4, 9],
			"to": [14.08333, 8, 10],
			"rotation": {"angle": 0, "axis": "z", "origin": [10.08333, 2, 17]},
			"faces": {
				"north": {"uv": [13, 5, 12, 9], "rotation": 180, "texture": "#0"},
				"east": {"uv": [13, 5, 12, 9], "rotation": 180, "texture": "#0"},
				"south": {"uv": [13, 5, 12, 9], "rotation": 180, "texture": "#0"},
				"west": {"uv": [13, 5, 12, 9], "rotation": 180, "texture": "#0"},
				"up": {"uv": [12, 9, 13, 8], "rotation": 180, "texture": "#0"},
				"down": {"uv": [12, 6, 13, 5], "rotation": 180, "texture": "#0"}
			}
		},
		{
			"from": [2.08333, 2, 9],
			"to": [3.08333, 6, 10],
			"rotation": {"angle": 0, "axis": "z", "origin": [10.08333, 2, 17]},
			"faces": {
				"north": {"uv": [13, 5, 12, 9], "rotation": 180, "texture": "#0"},
				"east": {"uv": [13, 5, 12, 9], "rotation": 180, "texture": "#0"},
				"south": {"uv": [14, 5, 13, 9], "rotation": 180, "texture": "#0"},
				"west": {"uv": [13, 5, 12, 9], "rotation": 180, "texture": "#0"},
				"up": {"uv": [12, 9, 13, 8], "rotation": 180, "texture": "#0"},
				"down": {"uv": [12, 6, 13, 5], "rotation": 180, "texture": "#0"}
			}
		},
		{
			"from": [3, 2, 8],
			"to": [4, 6, 9],
			"rotation": {"angle": 0, "axis": "y", "origin": [2, -7, 1]},
			"faces": {
				"north": {"uv": [12, 9, 13, 5], "texture": "#0"},
				"east": {"uv": [12, 9, 13, 5], "texture": "#0"},
				"south": {"uv": [12, 9, 13, 5], "texture": "#0"},
				"west": {"uv": [12, 9, 13, 5], "texture": "#0"},
				"up": {"uv": [13, 8, 12, 9], "texture": "#0"},
				"down": {"uv": [13, 5, 12, 6], "texture": "#0"}
			}
		},
		{
			"from": [4, 1, 8],
			"to": [8, 7, 9],
			"rotation": {"angle": 0, "axis": "y", "origin": [6, -6, 1]},
			"faces": {
				"north": {"uv": [8, 10, 12, 4], "texture": "#0"},
				"east": {"uv": [8, 10, 9, 4], "texture": "#0"},
				"south": {"uv": [8, 10, 12, 4], "texture": "#0"},
				"west": {"uv": [11, 10, 12, 4], "texture": "#0"},
				"up": {"uv": [12, 9, 8, 10], "texture": "#0"},
				"down": {"uv": [12, 4, 8, 5], "texture": "#0"}
			}
		},
		{
			"from": [6, 1, 7],
			"to": [7, 2, 8],
			"rotation": {"angle": 0, "axis": "y", "origin": [5, -6, 0]},
			"faces": {
				"north": {"uv": [9, 6, 10, 5], "texture": "#0"},
				"east": {"uv": [9, 6, 10, 5], "texture": "#0"},
				"south": {"uv": [9, 6, 10, 5], "texture": "#0"},
				"west": {"uv": [9, 6, 10, 5], "texture": "#0"},
				"up": {"uv": [10, 5, 9, 6], "texture": "#0"},
				"down": {"uv": [10, 5, 9, 6], "texture": "#0"}
			}
		},
		{
			"from": [4, 2, 7],
			"to": [9, 3, 8],
			"rotation": {"angle": 0, "axis": "y", "origin": [3, -5, 0]},
			"faces": {
				"north": {"uv": [7, 6, 12, 5], "texture": "#0"},
				"east": {"uv": [7, 6, 8, 5], "texture": "#0"},
				"south": {"uv": [7, 6, 12, 5], "texture": "#0"},
				"west": {"uv": [11, 6, 12, 5], "texture": "#0"},
				"up": {"uv": [12, 5, 7, 6], "texture": "#0"},
				"down": {"uv": [12, 5, 7, 6], "texture": "#0"}
			}
		},
		{
			"from": [8, 2, 8],
			"to": [11, 3, 9],
			"rotation": {"angle": 0, "axis": "y", "origin": [7, -5, 1]},
			"faces": {
				"north": {"uv": [5, 7, 8, 6], "texture": "#0"},
				"east": {"uv": [5, 7, 6, 6], "texture": "#0"},
				"south": {"uv": [5, 7, 8, 6], "texture": "#0"},
				"west": {"uv": [7, 7, 8, 6], "texture": "#0"},
				"up": {"uv": [8, 6, 5, 7], "texture": "#0"},
				"down": {"uv": [8, 6, 5, 7], "texture": "#0"}
			}
		},
		{
			"from": [5, 3, 7],
			"to": [12, 5, 8],
			"rotation": {"angle": 0, "axis": "y", "origin": [4, -3, 0]},
			"faces": {
				"north": {"uv": [4, 8, 11, 6], "texture": "#0"},
				"east": {"uv": [4, 9, 5, 7], "texture": "#0"},
				"south": {"uv": [4, 8, 11, 6], "texture": "#0"},
				"west": {"uv": [10, 8, 11, 6], "texture": "#0"},
				"up": {"uv": [11, 7, 4, 8], "texture": "#0"},
				"down": {"uv": [11, 6, 4, 7], "texture": "#0"}
			}
		},
		{
			"from": [8, 3, 6],
			"to": [11, 5, 7],
			"rotation": {"angle": 0, "axis": "y", "origin": [3, -4, -1]},
			"faces": {
				"north": {"uv": [5, 8, 8, 6], "texture": "#0"},
				"east": {"uv": [5, 8, 6, 6], "texture": "#0"},
				"south": {"uv": [5, 8, 8, 6], "texture": "#0"},
				"west": {"uv": [7, 8, 8, 6], "texture": "#0"},
				"up": {"uv": [8, 7, 5, 8], "texture": "#0"},
				"down": {"uv": [8, 6, 5, 7], "texture": "#0"}
			}
		},
		{
			"from": [9, 4, 6],
			"to": [11, 6, 7],
			"rotation": {"angle": 0, "axis": "y", "origin": [4, -3, -1]},
			"faces": {
				"north": {"uv": [5, 9, 7, 7], "texture": "#0"},
				"east": {"uv": [5, 9, 6, 7], "texture": "#0"},
				"south": {"uv": [4, 9, 7, 7], "texture": "#0"},
				"west": {"uv": [6, 9, 7, 7], "texture": "#0"},
				"up": {"uv": [7, 8, 5, 9], "texture": "#0"},
				"down": {"uv": [7, 7, 5, 8], "texture": "#0"}
			}
		},
		{
			"from": [6, 4, 8],
			"to": [13, 8, 9],
			"rotation": {"angle": 0, "axis": "y", "origin": [7, -2, 1]},
			"faces": {
				"north": {"uv": [3, 11, 10, 7], "texture": "#0"},
				"east": {"uv": [3, 11, 4, 7], "texture": "#0"},
				"south": {"uv": [3, 11, 10, 7], "texture": "#0"},
				"west": {"uv": [9, 11, 10, 7], "texture": "#0"},
				"up": {"uv": [10, 10, 3, 11], "texture": "#0"},
				"down": {"uv": [10, 7, 3, 8], "texture": "#0"}
			}
		},
		{
			"from": [6, 5, 7],
			"to": [13, 6, 8],
			"rotation": {"angle": 0, "axis": "y", "origin": [5, -2, 0]},
			"faces": {
				"north": {"uv": [3, 9, 10, 8], "texture": "#0"},
				"east": {"uv": [3, 9, 4, 8], "texture": "#0"},
				"south": {"uv": [3, 9, 10, 8], "texture": "#0"},
				"west": {"uv": [9, 9, 10, 8], "texture": "#0"},
				"up": {"uv": [10, 8, 3, 9], "texture": "#0"},
				"down": {"uv": [10, 8, 3, 9], "texture": "#0"}
			}
		},
		{
			"from": [8, 6, 7],
			"to": [11, 7, 8],
			"rotation": {"angle": 0, "axis": "y", "origin": [5, -1, 0]},
			"faces": {
				"north": {"uv": [5, 10, 8, 9], "texture": "#0"},
				"east": {"uv": [5, 10, 6, 9], "texture": "#0"},
				"south": {"uv": [5, 10, 8, 9], "texture": "#0"},
				"west": {"uv": [7, 10, 8, 9], "texture": "#0"},
				"up": {"uv": [8, 9, 5, 10], "texture": "#0"},
				"down": {"uv": [8, 9, 5, 10], "texture": "#0"}
			}
		},
		{
			"from": [9, 7, 7],
			"to": [10, 8, 8],
			"rotation": {"angle": 0, "axis": "y", "origin": [8, 0, 0]},
			"faces": {
				"north": {"uv": [6, 11, 7, 10], "texture": "#0"},
				"east": {"uv": [6, 11, 7, 10], "texture": "#0"},
				"south": {"uv": [6, 11, 7, 10], "texture": "#0"},
				"west": {"uv": [6, 11, 7, 10], "texture": "#0"},
				"up": {"uv": [7, 10, 6, 11], "texture": "#0"},
				"down": {"uv": [7, 10, 6, 11], "texture": "#0"}
			}
		},
		{
			"from": [8, 3, 8],
			"to": [12, 9, 9],
			"rotation": {"angle": 0, "axis": "y", "origin": [7, -1, 1]},
			"faces": {
				"north": {"uv": [4, 12, 8, 6], "texture": "#0"},
				"east": {"uv": [4, 12, 5, 6], "texture": "#0"},
				"south": {"uv": [4, 12, 8, 6], "texture": "#0"},
				"west": {"uv": [7, 12, 8, 6], "texture": "#0"},
				"up": {"uv": [8, 11, 4, 12], "texture": "#0"},
				"down": {"uv": [8, 6, 4, 7], "texture": "#0"}
			}
		}
	],
	"groups": [
		{
			"name": "S",
			"origin": [9, 11, 20],
			"children": [0, 1, 2, 3, 4, 5, 6, 7, 8, 9, 10, 11, 12]
		},
		{
			"name": "S2",
			"origin": [10, 12, 8],
			"children": [13, 14, 15, 16, 17, 18, 19, 20, 21, 22, 23, 24]
		},
		{
			"name": "NS",
			"origin": [10, 12, 8],
			"children": [25, 26, 27, 28, 29, 30, 31, 32, 33, 34, 35, 36, 37]
		},
		{
			"name": "N2",
			"origin": [10, 12, 8],
			"children": [38, 39, 40, 41, 42, 43, 44, 45, 46, 47, 48, 49]
		},
		{
			"name": "S",
			"origin": [9, 11, 20],
			"children": [50, 51, 52, 53, 54, 55, 56, 57, 58, 59, 60, 61, 62]
		}
	]
}