{
	"credit": "Made with Blockbench",
	"textures": {
		"2": "ckenja/potato/potato_cannon",
		"particle": "ckenja/potato/potato_cannon"
	},
	"elements": [
		{
			"from": [6, 9, 15],
			"to": [10, 10, 20],
			"rotation": {"angle": 0, "axis": "y", "origin": [14, 16, 23]},
			"faces": {
				"north": {"uv": [5.5, 0, 6, 0.5], "texture": "#2"},
				"east": {"uv": [5.5, 0, 6, 0.5], "texture": "#2"},
				"south": {"uv": [5.5, 0, 6, 0.5], "texture": "#2"},
				"west": {"uv": [5.5, 0, 6, 0.5], "texture": "#2"},
				"up": {"uv": [5.5, 0, 6, 0.5], "texture": "#2"},
				"down": {"uv": [5.5, 0, 6, 0.5], "texture": "#2"}
			}
		},
		{
			"from": [7, 4, 16],
			"to": [9, 9, 19],
			"rotation": {"angle": 0, "axis": "y", "origin": [15, 12, 24]},
			"faces": {
				"north": {"uv": [5.5, 0, 6, 0.5], "texture": "#2"},
				"east": {"uv": [5.5, 0, 6, 0.5], "texture": "#2"},
				"south": {"uv": [5.5, 0, 6, 0.5], "texture": "#2"},
				"west": {"uv": [5.5, 0, 6, 0.5], "texture": "#2"},
				"up": {"uv": [5.5, 0, 6, 0.5], "texture": "#2"},
				"down": {"uv": [5.5, 0, 6, 0.5], "texture": "#2"}
			}
		},
		{
			"from": [7, 9, 8],
			"to": [9, 10, 12],
			"rotation": {"angle": 0, "axis": "y", "origin": [13, 17, 16]},
			"faces": {
				"north": {"uv": [5.5, 0, 6, 0.5], "texture": "#2"},
				"east": {"uv": [5.5, 0, 6, 0.5], "texture": "#2"},
				"south": {"uv": [5.5, 0, 6, 0.5], "texture": "#2"},
				"west": {"uv": [5.5, 0, 6, 0.5], "texture": "#2"},
				"up": {"uv": [5.5, 0, 6, 0.5], "texture": "#2"},
				"down": {"uv": [5.5, 0, 6, 0.5], "texture": "#2"}
			}
		},
		{
			"from": [6, 10, 6],
			"to": [10, 11, 12],
			"rotation": {"angle": 0, "axis": "y", "origin": [14, 18, 16]},
			"faces": {
				"north": {"uv": [5.5, 0, 6, 0.5], "texture": "#2"},
				"east": {"uv": [5.5, 0, 6, 0.5], "texture": "#2"},
				"south": {"uv": [5.5, 0, 6, 0.5], "texture": "#2"},
				"west": {"uv": [5.5, 0, 6, 0.5], "texture": "#2"},
				"up": {"uv": [5.5, 0, 6, 0.5], "texture": "#2"},
				"down": {"uv": [5.5, 0, 6, 0.5], "texture": "#2"}
			}
		},
		{
			"from": [7, 3, 9],
			"to": [9, 9, 11],
			"rotation": {"angle": 0, "axis": "y", "origin": [15, 11, 17]},
			"faces": {
				"north": {"uv": [0, 0, 0.5, 0.5], "texture": "#2"},
				"east": {"uv": [0, 0, 0.5, 0.5], "texture": "#2"},
				"south": {"uv": [0, 0, 0.5, 0.5], "texture": "#2"},
				"west": {"uv": [0, 0, 0.5, 0.5], "texture": "#2"},
				"up": {"uv": [0, 0, 0.5, 0.5], "texture": "#2"},
				"down": {"uv": [0, 0, 0.5, 0.5], "texture": "#2"}
			}
		},
		{
			"from": [7, 2, 8],
			"to": [9, 3, 11],
			"rotation": {"angle": 0, "axis": "y", "origin": [15, 9, 15]},
			"faces": {
				"north": {"uv": [0, 0, 0.5, 0.5], "texture": "#2"},
				"east": {"uv": [0, 0, 0.5, 0.5], "texture": "#2"},
				"south": {"uv": [0, 0, 0.5, 0.5], "texture": "#2"},
				"west": {"uv": [0, 0, 0.5, 0.5], "texture": "#2"},
				"up": {"uv": [0, 0, 0.5, 0.5], "texture": "#2"},
				"down": {"uv": [0, 0, 0.5, 0.5], "texture": "#2"}
			}
		},
		{
			"from": [11, 11, 2],
			"to": [12, 13, 13],
			"rotation": {"angle": 0, "axis": "y", "origin": [19, 19, 5]},
			"faces": {
				"north": {"uv": [8, 3, 8.5, 3.5], "texture": "#2"},
				"east": {"uv": [8, 3, 8.5, 3.5], "texture": "#2"},
				"south": {"uv": [8, 3, 8.5, 3.5], "texture": "#2"},
				"west": {"uv": [8, 3, 8.5, 3.5], "texture": "#2"},
				"up": {"uv": [8, 3, 8.5, 3.5], "texture": "#2"},
				"down": {"uv": [8, 3, 8.5, 3.5], "texture": "#2"}
			}
		},
		{
			"from": [10, 11, 2],
			"to": [11, 12, 13],
			"rotation": {"angle": 0, "axis": "y", "origin": [19, 19, 5]},
			"faces": {
				"north": {"uv": [8, 3, 8.5, 3.5], "texture": "#2"},
				"east": {"uv": [8, 3, 8.5, 3.5], "texture": "#2"},
				"south": {"uv": [8, 3, 8.5, 3.5], "texture": "#2"},
				"west": {"uv": [8, 3, 8.5, 3.5], "texture": "#2"},
				"up": {"uv": [8, 3, 8.5, 3.5], "texture": "#2"},
				"down": {"uv": [8, 3, 8.5, 3.5], "texture": "#2"}
			}
		},
		{
			"from": [6, 16, -2],
			"to": [10, 17, 12],
			"rotation": {"angle": 0, "axis": "y", "origin": [14, 24, 6]},
			"faces": {
				"north": {"uv": [6.5, 2.5, 7, 3], "texture": "#2"},
				"east": {"uv": [6.5, 2.5, 7, 3], "texture": "#2"},
				"south": {"uv": [6.5, 2.5, 7, 3], "texture": "#2"},
				"west": {"uv": [6.5, 2.5, 7, 3], "texture": "#2"},
				"up": {"uv": [0, 4.5, 0.5, 5], "texture": "#2"},
				"down": {"uv": [6.5, 2.5, 7, 3], "texture": "#2"}
			}
		},
		{
			"from": [10, 12, -2],
			"to": [11, 16, 12],
			"rotation": {"angle": 0, "axis": "y", "origin": [18, 20, 6]},
			"faces": {
				"north": {"uv": [6.5, 2.5, 7, 3], "texture": "#2"},
				"east": {"uv": [0, 4.5, 14, 8.5], "texture": "#2"},
				"south": {"uv": [6.5, 2.5, 7, 3], "texture": "#2"},
				"west": {"uv": [6.5, 2.5, 7, 3], "texture": "#2"},
				"up": {"uv": [6.5, 2.5, 7, 3], "texture": "#2"},
				"down": {"uv": [6.5, 2.5, 7, 3], "texture": "#2"}
			}
		},
		{
			"from": [5, 12, -2],
			"to": [6, 16, 12],
			"rotation": {"angle": 0, "axis": "y", "origin": [13, 20, 6]},
			"faces": {
				"north": {"uv": [6.5, 2.5, 7, 3], "texture": "#2"},
				"east": {"uv": [6.5, 2.5, 7, 3], "texture": "#2"},
				"south": {"uv": [6.5, 2.5, 7, 3], "texture": "#2"},
				"west": {"uv": [0, 4.5, 14, 8.5], "texture": "#2"},
				"up": {"uv": [6.5, 2.5, 7, 3], "texture": "#2"},
				"down": {"uv": [6.5, 2.5, 7, 3], "texture": "#2"}
			}
		},
		{
			"from": [6, 11, -2],
			"to": [10, 12, 12],
			"rotation": {"angle": 0, "axis": "y", "origin": [14, 19, 6]},
			"faces": {
				"north": {"uv": [6.5, 2.5, 7, 3], "texture": "#2"},
				"east": {"uv": [6.5, 2.5, 7, 3], "texture": "#2"},
				"south": {"uv": [6.5, 2.5, 7, 3], "texture": "#2"},
				"west": {"uv": [6.5, 2.5, 7, 3], "texture": "#2"},
				"up": {"uv": [6.5, 2.5, 7, 3], "texture": "#2"},
				"down": {"uv": [0, 4.5, 0.5, 5], "texture": "#2"}
			}
		},
		{
			"from": [6, 10, -3],
			"to": [10, 11, -1],
			"rotation": {"angle": 0, "axis": "y", "origin": [14, 18, 5]},
			"faces": {
				"north": {"uv": [5.5, 0, 6, 0.5], "texture": "#2"},
				"east": {"uv": [5.5, 0, 6, 0.5], "texture": "#2"},
				"south": {"uv": [5.5, 0, 6, 0.5], "texture": "#2"},
				"west": {"uv": [5.5, 0, 6, 0.5], "texture": "#2"},
				"up": {"uv": [5.5, 0, 6, 0.5], "texture": "#2"},
				"down": {"uv": [5.5, 0, 6, 0.5], "texture": "#2"}
			}
		},
		{
			"from": [10, 11, -3],
			"to": [11, 12, -1],
			"rotation": {"angle": 0, "axis": "y", "origin": [18, 19, 5]},
			"faces": {
				"north": {"uv": [5.5, 0, 6, 0.5], "texture": "#2"},
				"east": {"uv": [5.5, 0, 6, 0.5], "texture": "#2"},
				"south": {"uv": [5.5, 0, 6, 0.5], "texture": "#2"},
				"west": {"uv": [5.5, 0, 6, 0.5], "texture": "#2"},
				"up": {"uv": [5.5, 0, 6, 0.5], "texture": "#2"},
				"down": {"uv": [5.5, 0, 6, 0.5], "texture": "#2"}
			}
		},
		{
			"from": [11, 12, -3],
			"to": [12, 16, -1],
			"rotation": {"angle": 0, "axis": "y", "origin": [19, 20, 5]},
			"faces": {
				"north": {"uv": [5.5, 0, 6, 0.5], "texture": "#2"},
				"east": {"uv": [5.5, 0, 6, 0.5], "texture": "#2"},
				"south": {"uv": [5.5, 0, 6, 0.5], "texture": "#2"},
				"west": {"uv": [5.5, 0, 6, 0.5], "texture": "#2"},
				"up": {"uv": [5.5, 0, 6, 0.5], "texture": "#2"},
				"down": {"uv": [5.5, 0, 6, 0.5], "texture": "#2"}
			}
		},
		{
			"from": [10, 16, -3],
			"to": [11, 17, -1],
			"rotation": {"angle": 0, "axis": "y", "origin": [18, 24, 5]},
			"faces": {
				"north": {"uv": [5.5, 0, 6, 0.5], "texture": "#2"},
				"east": {"uv": [5.5, 0, 6, 0.5], "texture": "#2"},
				"south": {"uv": [5.5, 0, 6, 0.5], "texture": "#2"},
				"west": {"uv": [5.5, 0, 6, 0.5], "texture": "#2"},
				"up": {"uv": [5.5, 0, 6, 0.5], "texture": "#2"},
				"down": {"uv": [5.5, 0, 6, 0.5], "texture": "#2"}
			}
		},
		{
			"from": [6, 17, -3],
			"to": [10, 18, -1],
			"rotation": {"angle": 0, "axis": "y", "origin": [14, 25, 5]},
			"faces": {
				"north": {"uv": [5.5, 0, 6, 0.5], "texture": "#2"},
				"east": {"uv": [5.5, 0, 6, 0.5], "texture": "#2"},
				"south": {"uv": [5.5, 0, 6, 0.5], "texture": "#2"},
				"west": {"uv": [5.5, 0, 6, 0.5], "texture": "#2"},
				"up": {"uv": [5.5, 0, 6, 0.5], "texture": "#2"},
				"down": {"uv": [5.5, 0, 6, 0.5], "texture": "#2"}
			}
		},
		{
			"from": [5, 16, -3],
			"to": [6, 17, -1],
			"rotation": {"angle": 0, "axis": "y", "origin": [13, 24, 5]},
			"faces": {
				"north": {"uv": [5.5, 0, 6, 0.5], "texture": "#2"},
				"east": {"uv": [5.5, 0, 6, 0.5], "texture": "#2"},
				"south": {"uv": [5.5, 0, 6, 0.5], "texture": "#2"},
				"west": {"uv": [5.5, 0, 6, 0.5], "texture": "#2"},
				"up": {"uv": [5.5, 0, 6, 0.5], "texture": "#2"},
				"down": {"uv": [5.5, 0, 6, 0.5], "texture": "#2"}
			}
		},
		{
			"from": [4, 12, -3],
			"to": [5, 16, -1],
			"rotation": {"angle": 0, "axis": "y", "origin": [12, 20, 5]},
			"faces": {
				"north": {"uv": [5.5, 0, 6, 0.5], "texture": "#2"},
				"east": {"uv": [5.5, 0, 6, 0.5], "texture": "#2"},
				"south": {"uv": [5.5, 0, 6, 0.5], "texture": "#2"},
				"west": {"uv": [5.5, 0, 6, 0.5], "texture": "#2"},
				"up": {"uv": [5.5, 0, 6, 0.5], "texture": "#2"},
				"down": {"uv": [5.5, 0, 6, 0.5], "texture": "#2"}
			}
		},
		{
			"from": [5, 11, -3],
			"to": [6, 12, -1],
			"rotation": {"angle": 0, "axis": "y", "origin": [13, 19, 5]},
			"faces": {
				"north": {"uv": [5.5, 0, 6, 0.5], "texture": "#2"},
				"east": {"uv": [5.5, 0, 6, 0.5], "texture": "#2"},
				"south": {"uv": [5.5, 0, 6, 0.5], "texture": "#2"},
				"west": {"uv": [5.5, 0, 6, 0.5], "texture": "#2"},
				"up": {"uv": [5.5, 0, 6, 0.5], "texture": "#2"},
				"down": {"uv": [5.5, 0, 6, 0.5], "texture": "#2"}
			}
		},
		{
			"from": [6, 18, 14],
			"to": [10, 19, 18],
			"rotation": {"angle": 0, "axis": "y", "origin": [14, 26, 22]},
			"faces": {
				"north": {"uv": [5.5, 0, 6, 0.5], "texture": "#2"},
				"east": {"uv": [5.5, 0, 6, 0.5], "texture": "#2"},
				"south": {"uv": [5.5, 0, 6, 0.5], "texture": "#2"},
				"west": {"uv": [5.5, 0, 6, 0.5], "texture": "#2"},
				"up": {"uv": [5.5, 0, 6, 0.5], "texture": "#2"},
				"down": {"uv": [5.5, 0, 6, 0.5], "texture": "#2"}
			}
		},
		{
			"from": [6, 19, 14],
			"to": [7, 21, 15],
			"rotation": {"angle": 0, "axis": "y", "origin": [14, 27, 22]},
			"faces": {
				"north": {"uv": [5.5, 0, 6, 0.5], "texture": "#2"},
				"east": {"uv": [5.5, 0, 6, 0.5], "texture": "#2"},
				"south": {"uv": [5.5, 0, 6, 0.5], "texture": "#2"},
				"west": {"uv": [5.5, 0, 6, 0.5], "texture": "#2"},
				"up": {"uv": [5.5, 0, 6, 0.5], "texture": "#2"},
				"down": {"uv": [5.5, 0, 6, 0.5], "texture": "#2"}
			}
		},
		{
			"from": [7, 21, 14],
			"to": [9, 22, 15],
			"rotation": {"angle": 0, "axis": "y", "origin": [15, 29, 22]},
			"faces": {
				"north": {"uv": [5.5, 0, 6, 0.5], "texture": "#2"},
				"east": {"uv": [5.5, 0, 6, 0.5], "texture": "#2"},
				"south": {"uv": [5.5, 0, 6, 0.5], "texture": "#2"},
				"west": {"uv": [5.5, 0, 6, 0.5], "texture": "#2"},
				"up": {"uv": [5.5, 0, 6, 0.5], "texture": "#2"},
				"down": {"uv": [5.5, 0, 6, 0.5], "texture": "#2"}
			}
		},
		{
			"from": [0.5, 23.25, 14],
			"to": [1.5, 24.75, 15],
			"rotation": {"angle": 45, "axis": "z", "origin": [8.5, 32.25, 22]},
			"faces": {
				"north": {"uv": [5.5, 0, 6, 0.5], "texture": "#2"},
				"east": {"uv": [5.5, 0, 6, 0.5], "texture": "#2"},
				"south": {"uv": [5.5, 0, 6, 0.5], "texture": "#2"},
				"west": {"uv": [5.5, 0, 6, 0.5], "texture": "#2"},
				"up": {"uv": [5.5, 0, 6, 0.5], "texture": "#2"},
				"down": {"uv": [5.5, 0, 6, 0.5], "texture": "#2"}
			}
		},
		{
			"from": [9, 19, 14],
			"to": [10, 21, 15],
			"rotation": {"angle": 0, "axis": "y", "origin": [17, 27, 22]},
			"faces": {
				"north": {"uv": [5.5, 0, 6, 0.5], "texture": "#2"},
				"east": {"uv": [5.5, 0, 6, 0.5], "texture": "#2"},
				"south": {"uv": [5.5, 0, 6, 0.5], "texture": "#2"},
				"west": {"uv": [5.5, 0, 6, 0.5], "texture": "#2"},
				"up": {"uv": [5.5, 0, 6, 0.5], "texture": "#2"},
				"down": {"uv": [5.5, 0, 6, 0.5], "texture": "#2"}
			}
		},
		{
			"from": [3.25, 12.5, 14],
			"to": [4.75, 13.5, 15],
			"rotation": {"angle": 45, "axis": "z", "origin": [-4.25, 20.5, 22]},
			"faces": {
				"north": {"uv": [5.5, 0, 6, 0.5], "rotation": 270, "texture": "#2"},
				"east": {"uv": [5.5, 0, 6, 0.5], "rotation": 270, "texture": "#2"},
				"south": {"uv": [5.5, 0, 6, 0.5], "rotation": 270, "texture": "#2"},
				"west": {"uv": [5.5, 0, 6, 0.5], "rotation": 270, "texture": "#2"},
				"up": {"uv": [5.5, 0, 6, 0.5], "rotation": 270, "texture": "#2"},
				"down": {"uv": [5.5, 0, 6, 0.5], "rotation": 270, "texture": "#2"}
			}
		},
		{
			"from": [6, 10, 13],
			"to": [10, 18, 29],
			"rotation": {"angle": 0, "axis": "y", "origin": [14, 18, 21]},
			"faces": {
				"north": {"uv": [0, 0, 0.5, 0.5], "texture": "#2"},
				"east": {"uv": [0, 0, 8, 0.5], "texture": "#2"},
				"south": {"uv": [0, 0, 6, 8], "texture": "#missing"},
				"west": {"uv": [0, 1.5, 8, 2], "rotation": 180, "texture": "#2"},
				"up": {"uv": [0, 0.5, 8, 2.5], "rotation": 270, "texture": "#2"},
				"down": {"uv": [0, 0.5, 8, 2.5], "rotation": 90, "texture": "#2"}
			}
		},
		{
			"from": [4, 12, 13],
			"to": [12, 16, 29],
			"rotation": {"angle": 0, "axis": "y", "origin": [12, 20, 21]},
			"faces": {
				"north": {"uv": [0, 0, 0.5, 0.5], "texture": "#2"},
				"east": {"uv": [0, 2.5, 8, 4.5], "texture": "#2"},
				"south": {"uv": [0, 0, 8, 8], "texture": "#missing"},
				"west": {"uv": [0, 2.5, 8, 4.5], "rotation": 180, "texture": "#2"},
				"up": {"uv": [0, 1.5, 8, 2], "rotation": 270, "texture": "#2"},
				"down": {"uv": [0, 1.5, 8, 2], "rotation": 90, "texture": "#2"}
			}
		},
		{
			"from": [5, 11, 12],
			"to": [11, 17, 29],
			"rotation": {"angle": 0, "axis": "y", "origin": [13, 19, 20]},
			"faces": {
				"north": {"uv": [8, 0, 11, 3], "texture": "#2"},
				"east": {"uv": [0, 2, 8.5, 2.5], "texture": "#2"},
				"south": {"uv": [0, 0, 4, 8], "texture": "#missing"},
				"west": {"uv": [0, 2, 8.5, 2.5], "rotation": 180, "texture": "#2"},
				"up": {"uv": [0, 1.5, 8.5, 2], "rotation": 270, "texture": "#2"},
				"down": {"uv": [0, 1.5, 8.5, 2], "rotation": 90, "texture": "#2"}
			}
		},
		{
			"from": [4, 12, 29],
			"to": [12, 16, 30],
			"rotation": {"angle": 0, "axis": "y", "origin": [14, 20, 37]},
			"faces": {
				"north": {"uv": [0, 0, 4, 4], "texture": "#missing"},
				"east": {"uv": [5.5, 0, 6, 0.5], "texture": "#2"},
				"south": {"uv": [5.5, 0, 6, 0.5], "texture": "#2"},
				"west": {"uv": [5.5, 0, 6, 0.5], "texture": "#2"},
				"up": {"uv": [5.5, 0, 6, 0.5], "texture": "#2"},
				"down": {"uv": [5.5, 0, 6, 0.5], "texture": "#2"}
			}
		},
		{
			"from": [7, 13, 30],
			"to": [9, 15, 31],
			"rotation": {"angle": 0, "axis": "y", "origin": [13, 21, 38]},
			"faces": {
				"north": {"uv": [0, 0, 4, 4], "texture": "#missing"},
				"east": {"uv": [5.5, 0, 6, 0.5], "texture": "#2"},
				"south": {"uv": [5.5, 0, 6, 0.5], "texture": "#2"},
				"west": {"uv": [5.5, 0, 6, 0.5], "texture": "#2"},
				"up": {"uv": [5.5, 0, 6, 0.5], "texture": "#2"},
				"down": {"uv": [5.5, 0, 6, 0.5], "texture": "#2"}
			}
		},
		{
			"from": [5, 11, 29],
			"to": [11, 17, 30],
			"rotation": {"angle": 0, "axis": "y", "origin": [13, 21, 37]},
			"faces": {
				"north": {"uv": [0, 0, 4, 4], "texture": "#missing"},
				"east": {"uv": [5.5, 0, 6, 0.5], "texture": "#2"},
				"south": {"uv": [5.5, 0, 6, 0.5], "texture": "#2"},
				"west": {"uv": [5.5, 0, 6, 0.5], "texture": "#2"},
				"up": {"uv": [5.5, 0, 6, 0.5], "texture": "#2"},
				"down": {"uv": [5.5, 0, 6, 0.5], "texture": "#2"}
			}
		},
		{
			"from": [6, 10, 29],
			"to": [10, 18, 30],
			"rotation": {"angle": 0, "axis": "y", "origin": [14, 18, 37]},
			"faces": {
				"north": {"uv": [0, 0, 4, 4], "texture": "#missing"},
				"east": {"uv": [5.5, 0, 6, 0.5], "texture": "#2"},
				"south": {"uv": [5.5, 0, 6, 0.5], "texture": "#2"},
				"west": {"uv": [5.5, 0, 6, 0.5], "texture": "#2"},
				"up": {"uv": [5.5, 0, 6, 0.5], "texture": "#2"},
				"down": {"uv": [5.5, 0, 6, 0.5], "texture": "#2"}
			}
		}
	],
	"display": {
		"firstperson_righthand": {
			"scale": [0.5, 0.5, 0.5]
		},
		"firstperson_lefthand": {
			"scale": [0.5, 0.5, 0.5]
		},
		"gui": {
			"rotation": [0, -90, 0],
			"translation": [3, -3, 0],
			"scale": [0.5, 0.5, 0.5]
		},
		"fixed": {
			"rotation": [0, 90, 0],
			"translation": [-3, -3, 0],
			"scale": [0.5, 0.5, 0.5]
		}
	},
	"groups": [
		{
			"name": "magazine",
			"origin": [15, 8, 20],
			"children": [0, 1]
		},
		{
			"name": "grip",
			"origin": [15, 7, 11],
			"children": [2, 3, 4, 5]
		},
		{
			"name": "barrel",
			"origin": [13, 15, 3],
			"children": [6, 7, 8, 9, 10, 11, 12, 13, 14, 15, 16, 17, 18, 19]
		},
		{
			"name": "sight",
			"origin": [-4.25, 17.5, 19],
			"children": [20, 21, 22, 23, 24, 25]
		},
		{
			"name": "group",
			"origin": [13, 15, 26],
			"children": [26, 27, 28, 29, 30, 31, 32]
		}
	]
}