{
    "criteria": {
        "example": {
            "trigger": "minecraft:tick",
            "conditions": {
                "player": [
                    {
                        "condition": "minecraft:entity_scores",
                        "entity": "this",
                        "scores": {
                            "SoundSample": 1
                        }
                    }
                ]
            }
        }
    },
    "rewards": {
        "function": "soundsample:update"
    }
}