{
    "pools": [
        {
            "rolls": 1,
            "entries": [
                {
                    "type": "minecraft:item",
                    "name": "minecraft:crafting_table",
                    "functions": [
                        {
                            "function": "minecraft:set_nbt",
                            "tag": "{CustomModelData:11,RepairCost:285311670611,display:{Name:\"{\\\"translate\\\":\\\"block.minecraft.crafting_table\\\",\\\"italic\\\":false}\"}}"
                        }
                    ]
                }
            ]
        }
    ]
}