{
    "pools": [
        {
            "rolls": 1,
            "entries": [
                {
                    "type": "minecraft:item",
                    "name": "minecraft:white_stained_glass_pane",
                    "functions": [
                        {
                            "function": "minecraft:set_nbt",
                            "tag": "{HideFlags:2,display:{Name:\"{\\\"text\\\":\\\"\\\"}\"},type:[\"icon\"]}"
                        },
                        {
                            "function": "minecraft:set_attributes",
                            "modifiers": [
                                {
                                    "attribute": "no.11",
                                    "operation": "addition",
                                    "amount": {
                                        "min": -2147483648,
                                        "max": 2147483648
                                    },
                                    "name": "",
                                    "slot": "mainhand"
                                }
                            ]
                        }
                    ]
                }
            ]
        }
    ]
}