{
  "condition": "minecraft:alternative",
  "terms": [
    {
      "condition": "minecraft:location_check",
      "predicate": {
        "biome": "minecraft:ocean"
      }
    },
    {
      "condition": "minecraft:location_check",
      "predicate": {
        "biome": "minecraft:deep_ocean"
      }
    },
    {
      "condition": "minecraft:location_check",
      "predicate": {
        "biome": "minecraft:lukewarm_ocean"
      }
    },
    {
      "condition": "minecraft:location_check",
      "predicate": {
        "biome": "minecraft:deep_lukewarm_ocean"
      }
    },
    {
      "condition": "minecraft:location_check",
      "predicate": {
        "biome": "minecraft:warm_ocean"
      }
    },
    {
      "condition": "minecraft:location_check",
      "predicate": {
        "biome": "minecraft:deep_warm_ocean"
      }
    },
    {
      "condition": "minecraft:location_check",
      "predicate": {
        "biome": "minecraft:river"
      }
    },
    {
      "condition": "minecraft:location_check",
      "predicate": {
        "biome": "minecraft:beach"
      }
    },
    {
      "condition": "minecraft:location_check",
      "predicate": {
        "biome": "minecraft:forest"
      }
    },
    {
      "condition": "minecraft:location_check",
      "predicate": {
        "biome": "minecraft:wooded_hills"
      }
    },
    {
      "condition": "minecraft:location_check",
      "predicate": {
        "biome": "minecraft:flower_forest"
      }
    },
    {
      "condition": "minecraft:location_check",
      "predicate": {
        "biome": "minecraft:jungle"
      }
    },
    {
      "condition": "minecraft:location_check",
      "predicate": {
        "biome": "minecraft:jungle_hills"
      }
    },
    {
      "condition": "minecraft:location_check",
      "predicate": {
        "biome": "minecraft:modified_jungle"
      }
    },
    {
      "condition": "minecraft:location_check",
      "predicate": {
        "biome": "minecraft:jungle_edge"
      }
    },
    {
      "condition": "minecraft:location_check",
      "predicate": {
        "biome": "minecraft:modified_jungle_edge"
      }
    },
    {
      "condition": "minecraft:location_check",
      "predicate": {
        "biome": "minecraft:swamp"
      }
    },
    {
      "condition": "minecraft:location_check",
      "predicate": {
        "biome": "minecraft:swamp_hills"
      }
    },
    {
      "condition": "minecraft:location_check",
      "predicate": {
        "biome": "minecraft:swamp_hills"
      }
    },
    {
      "condition": "minecraft:location_check",
      "predicate": {
        "biome": "minecraft:savanna_plateau"
      }
    },
    {
      "condition": "minecraft:location_check",
      "predicate": {
        "biome": "minecraft:shattered_savanna"
      }
    },
    {
      "condition": "minecraft:location_check",
      "predicate": {
        "biome": "minecraft:shattered_savanna_plateau"
      }
    },
    {
      "condition": "minecraft:location_check",
      "predicate": {
        "biome": "minecraft:plains"
      }
    },
    {
        "condition": "minecraft:location_check",
        "predicate": {
          "biome": "minecraft:sunflower_plains"
        }
    },
    {
        "condition": "minecraft:location_check",
        "predicate": {
          "biome": "minecraft:desert"
        }
    },
    {
        "condition": "minecraft:location_check",
        "predicate": {
          "biome": "minecraft:desert_hills"
        }
    },
    {
        "condition": "minecraft:location_check",
        "predicate": {
          "biome": "minecraft:desert_lakes"
        }
    },
    {
        "condition": "minecraft:location_check",
        "predicate": {
          "biome": "minecraft:badlands"
        }
    },
    {
        "condition": "minecraft:location_check",
        "predicate": {
          "biome": "minecraft:badlands_plateau"
        }
    },
    {
        "condition": "minecraft:location_check",
        "predicate": {
          "biome": "minecraft:modified_badlands_plateau"
        }
    },
    {
        "condition": "minecraft:location_check",
        "predicate": {
          "biome": "minecraft:wooded_badlands_plateau"
        }
    },
    {
        "condition": "minecraft:location_check",
        "predicate": {
          "biome": "minecraft:modified_wooded_badlands_plateau"
        }
    },
    {
        "condition": "minecraft:location_check",
        "predicate": {
          "biome": "minecraft:eroded_badlands"
        }
    },
    {
        "condition": "minecraft:location_check",
        "predicate": {
          "biome": "minecraft:the_void"
        }
    }
  ]
}