{
  "condition": "minecraft:alternative",
  "terms": [
    {
      "condition": "minecraft:location_check",
      "predicate": {
        "biome": "minecraft:frozen_ocean"
      }
    },
    {
      "condition": "minecraft:location_check",
      "predicate": {
        "biome": "minecraft:deep_frozen_ocean"
      }
    },
    {
      "condition": "minecraft:location_check",
      "predicate": {
        "biome": "minecraft:frozen_river"
      }
    },
    {
      "condition": "minecraft:location_check",
      "predicate": {
        "biome": "minecraft:stone_shore"
      }
    },
    {
      "condition": "minecraft:location_check",
      "predicate": {
        "biome": "minecraft:snowy_beach"
      }
    },
    {
      "condition": "minecraft:location_check",
      "predicate": {
        "biome": "minecraft:birch_forest"
      }
    },
    {
      "condition": "minecraft:location_check",
      "predicate": {
        "biome": "minecraft:birch_forest_hills"
      }
    },
    {
      "condition": "minecraft:location_check",
      "predicate": {
        "biome": "minecraft:tall_birch_forest"
      }
    },
    {
      "condition": "minecraft:location_check",
      "predicate": {
        "biome": "minecraft:tall_birch_hills"
      }
    },
    {
      "condition": "minecraft:location_check",
      "predicate": {
        "biome": "minecraft:dark_forest"
      }
    },
    {
      "condition": "minecraft:location_check",
      "predicate": {
        "biome": "minecraft:dark_forest_hills"
      }
    },
    {
      "condition": "minecraft:location_check",
      "predicate": {
        "biome": "minecraft:bamboo_jungle"
      }
    },
    {
      "condition": "minecraft:location_check",
      "predicate": {
        "biome": "minecraft:bamboo_jungle_hills"
      }
    },
    {
      "condition": "minecraft:location_check",
      "predicate": {
        "biome": "minecraft:taiga"
      }
    },
    {
      "condition": "minecraft:location_check",
      "predicate": {
        "biome": "minecraft:taiga_hills"
      }
    },
    {
      "condition": "minecraft:location_check",
      "predicate": {
        "biome": "minecraft:taiga_mountains"
      }
    },
    {
      "condition": "minecraft:location_check",
      "predicate": {
        "biome": "minecraft:snowy_taiga"
      }
    },
    {
      "condition": "minecraft:location_check",
      "predicate": {
        "biome": "minecraft:snowy_taiga_hills"
      }
    },
    {
      "condition": "minecraft:location_check",
      "predicate": {
        "biome": "minecraft:snowy_taiga_mountains"
      }
    },
    {
      "condition": "minecraft:location_check",
      "predicate": {
        "biome": "minecraft:giant_tree_taiga"
      }
    },
    {
      "condition": "minecraft:location_check",
      "predicate": {
        "biome": "minecraft:giant_tree_taiga_hills"
      }
    },
    {
      "condition": "minecraft:location_check",
      "predicate": {
        "biome": "minecraft:giant_spruce_taiga"
      }
    },
    {
      "condition": "minecraft:location_check",
      "predicate": {
        "biome": "minecraft:giant_spruce_taiga_hills"
      }
    },
    {
        "condition": "minecraft:location_check",
        "predicate": {
          "biome": "minecraft:snowy_tundra"
        }
    },
    {
        "condition": "minecraft:location_check",
        "predicate": {
          "biome": "minecraft:snowy_mountains"
        }
    },
    {
        "condition": "minecraft:location_check",
        "predicate": {
          "biome": "minecraft:ice_spikes"
        }
    },
    {
        "condition": "minecraft:location_check",
        "predicate": {
          "biome": "minecraft:mountains"
        }
    },
    {
        "condition": "minecraft:location_check",
        "predicate": {
          "biome": "minecraft:wooded_mountains"
        }
    },
    {
        "condition": "minecraft:location_check",
        "predicate": {
          "biome": "minecraft:gravelly_mountains"
        }
    },
    {
        "condition": "minecraft:location_check",
        "predicate": {
          "biome": "minecraft:modified_gravelly_mountains"
        }
    },
    {
        "condition": "minecraft:location_check",
        "predicate": {
          "biome": "minecraft:mountain_edge"
        }
    },
    {
        "condition": "minecraft:location_check",
        "predicate": {
          "biome": "minecraft:the_end"
        }
    },
    {
        "condition": "minecraft:location_check",
        "predicate": {
          "biome": "minecraft:small_end_islands"
        }
    },
    {
        "condition": "minecraft:location_check",
        "predicate": {
          "biome": "minecraft:end_midlands"
        }
    },
    {
        "condition": "minecraft:location_check",
        "predicate": {
          "biome": "minecraft:end_highlands"
        }
    },
    {
        "condition": "minecraft:location_check",
        "predicate": {
          "biome": "minecraft:end_barrens"
        }
    }
  ]
}